{
    "camera_data": {
        "width": 512,
        "height": 512,
        "camera_look_at": {
            "at": [
                -0.6926243305206299,
                0.6142128109931946,
                -0.3781720697879791
            ],
            "eye": [
                -0.0,
                -0.0,
                20.0
            ],
            "up": [
                0.6950985193252563,
                0.7083963751792908,
                -0.12252629548311234
            ]
        },
        "intrinsics": {
            "fx": 618.0387912326389,
            "fy": 618.0387912326389,
            "cx": 0.0,
            "cy": 0.0
        }
    },
    "objects": [
        {
            "class": "Cookies",
            "name": "Cookies_000",
            "visibility": 14988,
            "projected_cuboid": [
                [
                    205.0870519206655,
                    8.427026804998405
                ],
                [
                    126.51273965191467,
                    16.502469568703532
                ],
                [
                    171.15323869333002,
                    176.86276778506203
                ],
                [
                    239.79250176060646,
                    150.42473631683578
                ],
                [
                    180.78201683631067,
                    17.244477589490714
                ],
                [
                    101.93966904617105,
                    26.214783221412603
                ],
                [
                    146.55193693924343,
                    180.0894134750473
                ],
                [
                    215.76834821749253,
                    154.1397128619222
                ],
                [
                    176.20432094608384,
                    93.1297018098144
                ]
            ],
            "location": [
                -9.0350280970316,
                18.500671426176222,
                -70.42009661230226
            ],
            "quaternion_xyzw": [
                0.07342411177363017,
                0.4228005441112509,
                0.1659951590031587,
                0.8878593395898923
            ]
        }
    ]
}