{
    "camera_data": {
        "width": 224,
        "height": 224,
        "camera_look_at": {
            "at": [
                -0.9255549907684326,
                -0.1393142193555832,
                -0.35205018520355225
            ],
            "eye": [
                -0.0,
                -0.0,
                20.0
            ],
            "up": [
                -0.15721246600151062,
                0.987305760383606,
                0.02261909656226635
            ]
        },
        "intrinsics": {
            "fx": 270.39197116427954,
            "fy": 270.39197116427954,
            "cx": 0.0,
            "cy": 0.0
        }
    },
    "objects": [
        {
            "class": "Cookies",
            "name": "Cookies_000",
            "visibility": 17754,
            "projected_cuboid": [
                [
                    -9.717962250411574,
                    105.13499462808264
                ],
                [
                    113.21754129474598,
                    79.51587973333858
                ],
                [
                    115.18510470756492,
                    215.01016296271496
                ],
                [
                    19.037382986367277,
                    277.6844201558931
                ],
                [
                    13.766627009068259,
                    118.43299394210624
                ],
                [
                    143.19623065220065,
                    85.6878257896262
                ],
                [
                    140.0361960612706,
                    232.73635450529366
                ],
                [
                    40.523671263045856,
                    309.5920873475236
                ],
                [
                    80.76380563951886,
                    182.2319975315161
                ]
            ],
            "location": [
                -2.8296484409194163,
                -6.511714358590108,
                -24.892796832798805
            ],
            "quaternion_xyzw": [
                -0.06638403326087113,
                0.9193727659655261,
                0.14740568390486414,
                -0.35863413345839923
            ]
        }
    ]
}