{
    "camera_data": {
        "width": 512,
        "height": 512,
        "camera_look_at": {
            "at": [
                0.9051840305328369,
                0.27138009667396545,
                -0.32710039615631104
            ],
            "eye": [
                -0.0,
                -0.0,
                20.0
            ],
            "up": [
                0.30324816703796387,
                -0.9516164660453796,
                0.04966559633612633
            ]
        },
        "intrinsics": {
            "fx": 618.0387912326389,
            "fy": 618.0387912326389,
            "cx": 0.0,
            "cy": 0.0
        }
    },
    "objects": [
        {
            "class": "Cookies",
            "name": "Cookies_000",
            "visibility": 15092,
            "projected_cuboid": [
                [
                    369.3241439874893,
                    150.8808582200464
                ],
                [
                    313.5412053144918,
                    142.06790905574587
                ],
                [
                    314.74447193976874,
                    292.3434461809325
                ],
                [
                    366.69879455841107,
                    329.62740405043127
                ],
                [
                    409.5050585659145,
                    148.2364525474654
                ],
                [
                    347.88792725924867,
                    140.02844315814758
                ],
                [
                    347.01101003894803,
                    287.92588995843903
                ],
                [
                    404.063910651182,
                    323.6328325111735
                ],
                [
                    356.6734758788016,
                    228.57999203705793
                ]
            ],
            "location": [
                10.2319240113105,
                2.722486026389962,
                -62.50394904579192
            ],
            "quaternion_xyzw": [
                0.11312933056489535,
                -0.5833965290199005,
                -0.06236429264502355,
                0.8018484517016646
            ]
        }
    ]
}