{
    "camera_data": {
        "width": 512,
        "height": 512,
        "camera_look_at": {
            "at": [
                -0.3433423638343811,
                -0.9164365530014038,
                -0.20557251572608948
            ],
            "eye": [
                -0.0,
                -0.0,
                20.0
            ],
            "up": [
                -0.9073804020881653,
                0.3801625370979309,
                -0.1792687177658081
            ]
        },
        "intrinsics": {
            "fx": 618.0387912326389,
            "fy": 618.0387912326389,
            "cx": 0.0,
            "cy": 0.0
        }
    },
    "objects": [
        {
            "class": "Block_w_sandpaper",
            "name": "Block_w_sandpaper_000",
            "visibility": 89008,
            "projected_cuboid": [
                [
                    187.0943240970563,
                    233.19859679960305
                ],
                [
                    340.1916700180886,
                    218.41978022063833
                ],
                [
                    396.2697550176158,
                    492.933631765311
                ],
                [
                    238.999896534747,
                    444.48755979037645
                ],
                [
                    -10.791857800201115,
                    295.34608425917924
                ],
                [
                    113.80212377545888,
                    302.1473542455313
                ],
                [
                    211.1017836250038,
                    662.4854836938991
                ],
                [
                    67.65411414052608,
                    554.1529255530593
                ],
                [
                    196.1884482884746,
                    395.81424308158324
                ]
            ],
            "location": [
                -1.758423570047507,
                -4.681189475631285,
                -19.18537369416272
            ],
            "quaternion_xyzw": [
                -0.06897248123422392,
                0.9047747841461292,
                0.11838866233136319,
                0.40324869675810543
            ]
        },
        {
            "class": "Block_w_sandpaper",
            "name": "Block_w_sandpaper_001",
            "visibility": 25863,
            "projected_cuboid": [
                [
                    349.1150647270276,
                    83.92301085911691
                ],
                [
                    282.14613908192507,
                    117.54197328106275
                ],
                [
                    341.27926090380225,
                    302.98366844232396
                ],
                [
                    393.48485283152615,
                    239.87284319208544
                ],
                [
                    232.89001525623837,
                    119.60542964913057
                ],
                [
                    153.0112288527895,
                    155.31891730161573
                ],
                [
                    213.61699778783424,
                    313.4090464146864
                ],
                [
                    279.3798867441053,
                    255.815580054944
                ],
                [
                    280.4936383429342,
                    200.14354768662443
                ]
            ],
            "location": [
                1.4334854210483932,
                2.6064495595955712,
                -32.7579868764537
            ],
            "quaternion_xyzw": [
                0.044091254945459284,
                0.4601155772781958,
                0.2094457852979878,
                0.8616739985656967
            ]
        }
    ]
}