{
    "camera_data": {
        "width": 512,
        "height": 512,
        "camera_look_at": {
            "at": [
                -0.13503356277942657,
                0.9370741248130798,
                -0.3219597041606903
            ],
            "eye": [
                -0.0,
                -0.0,
                20.0
            ],
            "up": [
                0.9896430969238281,
                0.11157840490341187,
                -0.09031502902507782
            ]
        },
        "intrinsics": {
            "fx": 618.0387912326389,
            "fy": 618.0387912326389,
            "cx": 0.0,
            "cy": 0.0
        }
    },
    "objects": [
        {
            "class": "Block_w_sandpaper",
            "name": "Block_w_sandpaper_000",
            "visibility": 84244,
            "projected_cuboid": [
                [
                    128.49659161135776,
                    238.04109420591473
                ],
                [
                    -58.206896123560114,
                    256.624024847576
                ],
                [
                    53.315055374466,
                    474.9847317975773
                ],
                [
                    231.15372581424623,
                    505.03135242379426
                ],
                [
                    258.95261569730826,
                    143.99290685489578
                ],
                [
                    96.81827760957538,
                    172.526358564907
                ],
                [
                    167.3533903533231,
                    354.0825079632899
                ],
                [
                    319.5416752657567,
                    357.77355715125566
                ],
                [
                    153.72134864207806,
                    313.37194209892925
                ]
            ],
            "location": [
                -3.5146329574687094,
                -2.366609565061367,
                -22.05138034908038
            ],
            "quaternion_xyzw": [
                0.2141571633321507,
                -0.2475749780198655,
                0.08889941728748806,
                0.9407126199099994
            ]
        }
    ]
}